t_s,hilos_vivos,tomcat_ocupados,cpu_proceso,pool_activas,pool_pendientes,srv_p95_ms
5,70.0,1.0,0.192,0.0,0.0,
10,69.0,1.0,0.178,0.0,0.0,
15,71.0,1.0,0.075,0.0,0.0,
20,70.0,1.0,0.076,0.0,0.0,
25,71.0,1.0,0.08,0.0,0.0,
30,71.0,1.0,0.078,0.0,0.0,
35,75.0,1.0,0.094,0.0,0.0,
40,75.0,1.0,0.084,0.0,0.0,
45,75.0,1.0,0.093,0.0,0.0,
50,75.0,1.0,0.085,0.0,0.0,
55,75.0,1.0,0.095,0.0,0.0,
60,75.0,1.0,0.091,0.0,0.0,
65,82.0,1.0,0.089,0.0,0.0,
70,82.0,1.0,0.093,0.0,0.0,
75,82.0,1.0,0.095,0.0,0.0,
80,87.0,1.0,0.097,0.0,0.0,
85,87.0,1.0,0.1,0.0,0.0,
90,90.0,1.0,0.104,0.0,0.0,
95,90.0,1.0,0.109,0.0,0.0,
100,90.0,1.0,0.106,0.0,0.0,
105,90.0,1.0,0.11,0.0,0.0,
110,90.0,1.0,0.11,0.0,0.0,
115,89.0,1.0,0.112,0.0,0.0,
120,92.0,1.0,0.115,0.0,0.0,
125,92.0,1.0,0.118,0.0,0.0,
130,92.0,1.0,0.122,0.0,0.0,
135,92.0,1.0,0.124,0.0,0.0,
140,92.0,1.0,0.123,0.0,0.0,
145,94.0,1.0,0.126,0.0,0.0,
150,95.0,1.0,0.127,0.0,0.0,
156,98.0,1.0,0.128,0.0,0.0,
161,98.0,1.0,0.133,0.0,0.0,
166,100.0,1.0,0.137,0.0,0.0,
171,100.0,1.0,0.137,0.0,0.0,
176,102.0,4.0,0.144,0.0,0.0,
181,104.0,2.0,0.142,0.0,0.0,
186,108.0,1.0,0.158,0.0,0.0,
191,108.0,1.0,0.148,0.0,0.0,
196,114.0,1.0,0.163,0.0,0.0,
201,114.0,1.0,0.151,0.0,0.0,
206,117.0,1.0,0.15,0.0,0.0,
211,117.0,1.0,0.171,0.0,0.0,
216,117.0,2.0,0.164,0.0,0.0,
221,117.0,1.0,0.156,0.0,0.0,
226,119.0,2.0,0.159,0.0,0.0,
231,127.0,1.0,0.162,0.0,0.0,
236,127.0,1.0,0.161,0.0,0.0,
241,127.0,5.0,0.164,0.0,0.0,
246,128.0,1.0,0.165,0.0,0.0,
251,128.0,1.0,0.165,0.0,0.0,
256,128.0,1.0,0.171,0.0,0.0,
261,128.0,1.0,0.17,0.0,0.0,
266,132.0,1.0,0.17,0.0,0.0,
271,132.0,1.0,0.174,0.0,0.0,
276,132.0,1.0,0.177,0.0,0.0,
281,135.0,1.0,0.181,0.0,0.0,
286,135.0,2.0,0.187,0.0,0.0,
291,136.0,1.0,0.184,0.0,0.0,
296,142.0,1.0,0.185,0.0,0.0,
301,142.0,2.0,0.19,1.0,0.0,
306,143.0,6.0,0.187,0.0,0.0,
311,147.0,1.0,0.197,0.0,0.0,
316,149.0,1.0,0.186,0.0,0.0,
321,150.0,1.0,0.193,0.0,0.0,
326,154.0,1.0,0.186,0.0,0.0,
331,154.0,1.0,0.19,0.0,0.0,
336,154.0,3.0,0.187,0.0,0.0,
341,156.0,1.0,0.187,0.0,0.0,
346,156.0,1.0,0.185,0.0,0.0,
351,156.0,1.0,0.189,0.0,0.0,
356,161.0,1.0,0.19,0.0,0.0,
361,161.0,2.0,0.188,0.0,0.0,
366,161.0,1.0,0.188,0.0,0.0,
371,164.0,1.0,0.186,1.0,0.0,
376,164.0,1.0,0.19,0.0,0.0,
381,164.0,1.0,0.189,0.0,0.0,
386,166.0,1.0,0.186,0.0,0.0,
391,169.0,1.0,0.186,0.0,0.0,
396,169.0,1.0,0.185,0.0,0.0,
401,169.0,3.0,0.19,0.0,0.0,
406,169.0,1.0,0.187,0.0,0.0,
411,169.0,2.0,0.189,0.0,0.0,
416,169.0,2.0,0.199,0.0,0.0,
421,169.0,1.0,0.189,0.0,0.0,
426,169.0,1.0,0.186,0.0,0.0,
431,169.0,1.0,0.186,0.0,0.0,
436,170.0,2.0,0.191,0.0,0.0,
441,170.0,1.0,0.187,1.0,0.0,
446,170.0,1.0,0.187,0.0,0.0,
451,170.0,1.0,0.186,0.0,0.0,
456,170.0,1.0,0.187,0.0,0.0,
461,170.0,1.0,0.188,0.0,0.0,
466,170.0,1.0,0.19,0.0,0.0,
471,170.0,1.0,0.193,0.0,0.0,
476,170.0,1.0,0.186,0.0,0.0,
481,170.0,2.0,0.187,0.0,0.0,
486,170.0,1.0,0.195,0.0,0.0,
491,170.0,1.0,0.179,0.0,0.0,
496,170.0,2.0,0.168,0.0,0.0,
501,170.0,1.0,0.161,0.0,0.0,
506,171.0,1.0,0.152,0.0,0.0,
511,171.0,1.0,0.146,0.0,0.0,
517,171.0,1.0,0.138,0.0,0.0,
522,171.0,1.0,0.13,0.0,0.0,
527,171.0,3.0,0.121,0.0,0.0,
532,171.0,1.0,0.117,0.0,0.0,
537,171.0,2.0,0.111,0.0,0.0,
542,171.0,1.0,0.102,0.0,0.0,
547,171.0,1.0,0.095,0.0,0.0,
552,171.0,1.0,0.083,0.0,0.0,
557,171.0,1.0,0.076,0.0,0.0,
562,171.0,1.0,0.065,0.0,0.0,
567,171.0,1.0,0.061,0.0,0.0,
572,171.0,1.0,0.05,0.0,0.0,
577,171.0,1.0,0.047,0.0,0.0,
582,171.0,1.0,0.036,0.0,0.0,
587,171.0,1.0,0.028,0.0,0.0,
592,171.0,1.0,0.02,0.0,0.0,
597,171.0,1.0,0.011,0.0,0.0,
602,171.0,1.0,0.004,0.0,0.0,
